Unnamed: 0,Unnamed: 1,Unnamed: 2,Unnamed: 3,Unnamed: 4,Unnamed: 5,Unnamed: 6,Unnamed: 7,Unnamed: 8,Unnamed: 9,Unnamed: 10,Unnamed: 11,Unnamed: 12,Unnamed: 13,Unnamed: 14,Unnamed: 15,Unnamed: 16,Unnamed: 17,Unnamed: 18,Unnamed: 19,Unnamed: 20,Unnamed: 21,Unnamed: 22,Unnamed: 23,Unnamed: 24,Unnamed: 25
,,ESCUELA DE IDIOMAS EN MALTA,,,,,,,,ESCUELA DE IDIOMAS EN AUSTRALIA,,,,,,,,ESCUELA DE IDIOMAS EN IRLANDA,,,,,,,ESCUELA DE IDIOMAS EN DUBAI
,,,,,,,,,,,,,,,,,,,,,,,,,
,,OBJETO,MENSAJE,,,,,,,,,,,,,,,,,,,,,,
,,INFO INICIAL,"Â¡Descubre el encanto de estudiar inglÃ©s en Malta ğŸ‡²ğŸ‡¹ y transforma tu experiencia de aprendizaje en una aventura inolvidable! Situada en el corazÃ³n del MediterrÃ¡neo, Malta ğŸ‡²ğŸ‡¹ ofrece un entorno Ãºnico que combina historia, cultura y paisajes impresionantes. Con una mezcla de influencias culturales y la hospitalidad de su gente, Malta ğŸ‡²ğŸ‡¹ se convierte en el escenario ideal para desarrollar tus habilidades lingÃ¼Ã­sticas ğŸ’¬. AdemÃ¡s, a partir del dÃ­a 91, podrÃ¡s aprovechar la oportunidad de trabajar y sumergirte aÃºn mÃ¡s en la vida maltesa, o si bien lo prefieres viajar a paÃ­ses cercanos para conocer y expandir tus horizontes âœˆï¸. Desde las impresionantes playas hasta los numerosos festivales culturales ğŸ­, Malta te ofrece un abanico de actividades para disfrutar en tu tiempo libre. Â¡No pierdas la oportunidad de vivir la #ICEXPERIENCE en Malta ğŸ‡²ğŸ‡¹ y abrirte a un mundo de posibilidades emocionantes y enriquecedoras! ğŸŒ",,,,,,,"Â¡Descubre la aventura de estudiar inglÃ©s en Australia ğŸ‡¦ğŸ‡º y haz de tu viaje una experiencia inolvidable desde el primer dÃ­a! ğŸ¦˜ SumÃ©rgete en la vibrante cultura australiana mientras aprendes o perfeccionas tu inglÃ©s y vives momentos que recordarÃ¡s toda la vida. Australia ğŸ‡¦ğŸ‡º no solo ofrece una educaciÃ³n de alta calidad, sino que tambiÃ©n te brinda la posibilidad de trabajar desde el primer dÃ­a de tu llegada, con lo cual, podrÃ¡s sumergirte completamente en la vida australiana ğŸ¨, hacer amigos locales y mejorar tu inglÃ©s de manera prÃ¡ctica y rÃ¡pida. Desde las icÃ³nicas playas de arena blanca ğŸ“¸ hasta las ciudades cosmopolitas, Australia ğŸ‡¦ğŸ‡º tiene algo para todos los gustos. Estudiar idiomas en Australia ğŸ‡¦ğŸ‡º te ofrece una experiencia Ãºnica que te permitirÃ¡ crecer acadÃ©mica y personalmente. Â¡No esperes mÃ¡s para vivir la #ICEXPERIENCE y convertir tus sueÃ±os en realidad! ğŸŒ",,,,,,,,,,,,,,,
,,,,,,,,,,,,,,,,,,,,,,,,,
,,,,,,,,,,,,,,,,,,,,,,,,,
,,,,,,,,,,,,,,,,,,,,,,,,,
,,,,,,,,,,,,,,,,,,,,,,,,,
,,,,,,,,,,,,,,,,,,,,,,,,,
,,,,,,,,,,,,,,,,,,,,,,,,,
,,,,,,,,,,,,,,,,,,,,,,,,,
,,,,,,,,,,,,,,,,,,,,,,,,,
,,,,,,,,,,,,,,,,,,,,,,,,,
,,,,,,,,,,,,,,,,,,,,,,,,,
,,REQUISITOS,"âš ï¸ Para poder aplicar a este programa es necesario cumplir con los siguientes requisitos:
âœ… Tener pasaporte en mano
âœ… Solvencia economica por los primeros tres meses en total *3150EUR* o 1050 EUR cada mes
",,,,,,,,,,,,,,,,,,,,,,
,,,,,,,,,,,,,,,,,,,,,,,,,
,,,,,,,,,,,,,,,,,,,,,,,,,
,,,,,,,,,,,,,,,,,,,,,,,,,
,,,,,,,,,,,,,,,,,,,,,,,,,
,,,,,,,,,,,,,,,,,,,,,,,,,
,,,,,,,,,,,,,,,,,,,,,,,,,
,,,,,,,,,,,,,,,,,,,,,,,,,
,,"El proceso para malta es:Los requisitos para ir a estudiar en Malta son: 

*TENER PASAPORTE EN MANO*
*SOLVENCIA ECONOMICA POR LOS PRIMEROS TRES MESES*

El proceso para malta es:

 1. recibir la explicaciÃ³n del programa
 2. cumplir con los requisitos
 3. cotizar las semanas
 4. escoger el tipo de vivienda (compartida o privada)
 5. recibir la cotizaciÃ³n ICE MALTA
 6. Hacer el pago seis semanas antes de viajar
7. Esperar y recibir la carta de la instituciÃ³n
8. Comprar tiquetes a Malta
9. Al llegar a Malta hacer el proceso de visado con la asesorÃ­a de nuestro encargado ICE 
10. Estudia y disfruta tu experiencia en malta
11. DepuÃ©s de dos semanas puedes pedir extensiÃ³n de visa hasta por un aÃ±o 
12. Al llegar el dÃ­a 91 puedes trabajar, disfruta y comparte tu experiencia",,,,,,,,,,,,,,,,,,,,,,,
