Unnamed: 0,Unnamed: 1,Unnamed: 2,Unnamed: 3,Unnamed: 4,Unnamed: 5,Unnamed: 6,Unnamed: 7,Unnamed: 8,Unnamed: 9,Unnamed: 10,Unnamed: 11,Unnamed: 12,Unnamed: 13,Unnamed: 14,Unnamed: 15,Unnamed: 16,Unnamed: 17
,VISA USA,,,,,,,,,,,,,,,,
,,,,,,,,,,,,,,,,,
,OBJETO,MENSAJE PARA COLOMBIA,,,,,,,,MENSAJE PARA COSTA RICA (Embajada en San Jos√©),,,,,,,MENSAJE PARA ECUADOR (Embajada en Quito o en Guayaquil)
,INFO INICIAL,"(Nombre), en nuestra asesor√≠a de visa americana üá∫üá∏ te acompa√±amos paso a paso para que llegues a tu cita en la embajada seguro, preparado y sin estr√©s.

Nuestro servicio consta de 2 fases:

‚û°Ô∏è Primera fase: Revisamos tu perfil üë§, llenamos el formulario de aplicaci√≥n al visado üìù, realizamos el pago de los derechos üí≥ y agendamos tus dos citas en Bogot√° üìÖ.

‚û°Ô∏è Segunda fase: Un mes antes de tu entrevista, revisamos tu perfil nuevamente para identificar si han surgido cambios desde que llenamos el formulario üîç, resolvemos tus dudas ‚ùì, preparamos tus documentos soporte üìÇ y te damos todas las recomendaciones para que llegues seguro y sin sorpresas ‚úÖ.",,,,,,,,"Buenas tardes, para tr√°mite de visa americana B1B2 Turismo/Negocios debes tener en cuenta lo siguiente: 
El costo de la asesor√≠a para la VISA a tramitar es de 65usd, con lo cual realizaremos dos asesor√≠as, la primera, donde haremos el llenado del formulario y perfil del aplicante (ac√° se realiza la respectivas recomendaciones y se diligencia el formulario), en √©sta misma se har√≠a el pago de los derechos de VISA a la embajada 185USD (98.150 colones aprox) aproximadamente y se agendan las DOS citas para ir a San Jos√© a presentarse ante la embajada. 
Unos d√≠as antes que vayas a San Jos√© a tu cita, pasas por la oficina y hacemos la segunda asesor√≠a donde revisaremos dudas y preguntas que tengas, te indicaremos como funciona todo llegando a San Jose, posibles preguntas y tambi√©n revisaremos documentos soportes los cuales llevar√°s junto con su aplicaci√≥n.
-IMPORTANTE- ICE y ninguno de sus asesores puede asegurarte a un 100% la aprobaci√≥n de la visa, ya que la decisi√≥n siempre es tomada por el CONS√öL, pero si podemos ofrecerte una asesor√≠a personalizada para que tengas una mayor probabilidad de aprobaci√≥n.",,,,,,,"Buenas tardes, para tr√°mite de visa americana B1B2 Turismo/Negocios debes tener en cuenta lo siguiente: 
El costo de la asesor√≠a para la VISA a tramitar es de 65usd, con lo cual realizaremos dos asesor√≠as, la primera, donde haremos el llenado del formulario y perfil del aplicante (ac√° se realiza la respectivas recomendaciones y se diligencia el formulario), en √©sta misma se har√≠a el pago de los derechos de VISA a la embajada 185USD (98.150 colones aprox) aproximadamente y se agendan las DOS citas para ir a Quito o Guayaquil a presentarse ante la embajada. 
Unos d√≠as antes que vayas a la embajada seleccionada a tu cita, pasas por la oficina y hacemos la segunda asesor√≠a donde revisaremos dudas y preguntas que tengas, te indicaremos como funciona todo llegando a Quito o Guayaquil, posibles preguntas y tambi√©n revisaremos documentos soportes los cuales llevar√°s junto con su aplicaci√≥n.
-IMPORTANTE- ICE y ninguno de sus asesores puede asegurarte a un 100% la aprobaci√≥n de la visa, ya que la decisi√≥n siempre es tomada por el CONS√öL, pero si podemos ofrecerte una asesor√≠a personalizada para que tengas una mayor probabilidad de aprobaci√≥n."
,,,,,,,,,,,,,,,,,
,,,,,,,,,,,,,,,,,
,,,,,,,,,,,,,,,,,
,,,,,,,,,,,,,,,,,
,,,,,,,,,,,,,,,,,
,,,,,,,,,,,,,,,,,
,,,,,,,,,,,,,,,,,
,,,,,,,,,,,,,,,,,
,,,,,,,,,,,,,,,,,
,,,,,,,,,,,,,,,,,
,REQUISITOS,"‚ö†Ô∏è Para poder efectuar este servicio, necesitamos que cuentes con:
‚úÖ Pasaporte vigente
‚è±Ô∏è Disponibilidad de 45 minutos para realizar cada formulario
üí∞ Pago completo de la asesor√≠a (transferencia o efectivo).",,,,,,,,Requisitos: - Pasaporte vigente. - Disponibilidad de 45 minutos para realizar cada formulario. - El pago inicial de los dos valores correspondientes de asesor√≠a y visado (Transferencia a nuestros canales de pago).,,,,,,,
,,,,,,,,,,,,,,,,,
,RTA SOLICITUD DE CITA ,,,,,,,,,,,,,,,,
,PRECIO APLICACI√ìN VISA,"La inversi√≥nüí∞ para este servicio es:
- Asesor√≠a: 250.000 COP
- Derechos de visa: 185 USD ($830.000 COP, aproximadamente)",,,,,,,,DERECHOS DE VISA ACTUALIZADOS: 98.150 Colones Aprox,,,,,,,
,INFO ADICIONAL,"Recuerda tener en cuenta √©sta informaci√≥n: 
-Fecha posible de viaje (d√≠a, mes, a√±o)
- N√∫mero de d√≠as de estad√≠a en Usa
-Direcci√≥n a donde llegar√°n (Ciudad, estado, c√≥digo postal)
-Nombres de quienes viajan y relaci√≥n
-Si has viajado a Usa antes, tener las fechas de entrada (d√≠a, mes, a√±o) y cantidad de d√≠as de estad√≠a por viaje
-N√∫mero de la √∫ltima visa expedida (color rojo en la visa) y fecha de expedici√≥n
-Contacto en Usa (nombre completo o nombre de hotel, direcci√≥n, tel√©fono y correo)
-Nombres completos y fechas de nacimiento de los padres de quien est√° aplicando
-Fecha de ingreso (d√≠a, mes, a√±o) de trabajo actual con direcci√≥n, tel√©fono, cargo, funciones , nombre y apellido de un supervisor
-Fecha de ingreso y finalizaci√≥n (d√≠a, mes, a√±o) de las experiencias laborales y estudios realizados con direcci√≥n, tel√©fono, nombre y apellido de un supervisor y/o nombre del estudio realizado
",,,,,,,,"Recuerda tener en cuenta √©sta informaci√≥n:
-Motivo de viaje, con fecha estimada y direcci√≥n de llegada (ciudad, estado, c√≥digo postal), duraci√≥n de la estad√≠a en USA.
-Fechas de nacimiento de los pap√°s del aplicante (mes/d√≠a/a√±o).
-Fechas de entradas y salidas de los viajes previos.
-Foto de visas previas (si ha tenido).
-Informaci√≥n del Colegio, Universidad y Profesi√≥n. (Direcci√≥n, fechas de inicio/finalizaci√≥n)
-Referencia de trabajo por un colega o superior (si aplica)
- Si se es INDEPENDIENTE, informaci√≥n legal vigente.",,,,,,,
,,,,,,,,,,,,,,,,,
,,,,,,,,,,,,,,,,,
,,,,,,,,,,,,,,,,,
,,,,,,,,,,,,,,,,,
,,,,,,,,,,,,,,,,,
,,,,,,,,,,,,,,,,,
,,,,,,,,,,,,,,,,,
,,,,,,,,,,,,,,,,,
,,,,,,,,,,,,,,,,,
,,,,,,,,,,,,,,,,,
,"Correo secci√≥n consular Colombia, Bogot√°",colombia.visas@gdit-gss.com,,,,,,,,,,,,,,,
,,,,,,,,,,,,,,,,,
,,,,,,,,,,,,,,,,,
,Tel√©fono Embajada,6015088165      6015088185   ,,,,,,,,,,,,,,,
,,,,,,,,,,,,,,,,,
,"Correo secci√≥n consular Per√∫, Lima",51 1 61820000,,,,,,,,,,,,,,,
,,asa_contactus+pe+info+es@visaops.net,,,,,,,,,,,,,,,
,,,,,,,,,,,,,,,,,
,,,,,,,,,,,,,,,,,
,,,,,,,,,,,,,,,,,
,Correo Unidad de Prevenci√≥n de Fraude,bogotavisaperdida@state.gov,,,,,,,,,,,,,,,
